<?xml version="1.0" encoding="UTF-8"?>
<GenRun Id="PxlClkGen_synth_1" LaunchPart="xc7a100tcsg324-1" LaunchTime="1512384906">
  <File Type="RDS-PROPCONSTRS" Name="PxlClkGen_drc_synth.rpt"/>
  <File Type="PA-TCL" Name="PxlClkGen.tcl"/>
  <File Type="RDS-RDS" Name="PxlClkGen.vds"/>
  <File Type="RDS-UTIL" Name="PxlClkGen_utilization_synth.rpt"/>
  <File Type="RDS-UTIL-PB" Name="PxlClkGen_utilization_synth.pb"/>
  <File Type="RDS-DCP" Name="PxlClkGen.dcp"/>
  <File Type="VDS-TIMINGSUMMARY" Name="PxlClkGen_timing_summary_synth.rpt"/>
  <File Type="VDS-TIMING-PB" Name="PxlClkGen_timing_summary_synth.pb"/>
  <FileSet Name="sources" Type="BlockSrcs" RelSrcDir="$PSRCDIR/PxlClkGen">
    <File Path="C:/Users/MAM/Desktop/Nexys-4-OOB-master/Nexys-4-OOB-master/src/ip/PxlClkGen/PxlClkGen.xci">
      <FileInfo>
        <Attr Name="UsedIn" Val="synthesis"/>
        <Attr Name="UsedIn" Val="implementation"/>
        <Attr Name="UsedIn" Val="simulation"/>
      </FileInfo>
    </File>
    <File Path="C:/Users/MAM/Desktop/Nexys-4-OOB-master/Nexys-4-OOB-master/src/ip/PxlClkGen.xcix">
      <FileInfo>
        <Attr Name="UsedIn" Val="synthesis"/>
        <Attr Name="UsedIn" Val="implementation"/>
        <Attr Name="UsedIn" Val="simulation"/>
      </FileInfo>
    </File>
    <Config>
      <Option Name="TopModule" Val="PxlClkGen"/>
      <Option Name="UseBlackboxStub" Val="1"/>
    </Config>
  </FileSet>
  <FileSet Name="constrs_in" Type="BlockSrcs" RelSrcDir="$PSRCDIR/PxlClkGen">
    <File Path="C:/Users/MAM/Desktop/Nexys-4-OOB-master/Nexys-4-OOB-master/src/ip/PxlClkGen/PxlClkGen.xci">
      <FileInfo>
        <Attr Name="UsedIn" Val="synthesis"/>
        <Attr Name="UsedIn" Val="implementation"/>
        <Attr Name="UsedIn" Val="simulation"/>
      </FileInfo>
    </File>
    <File Path="C:/Users/MAM/Desktop/Nexys-4-OOB-master/Nexys-4-OOB-master/src/ip/PxlClkGen.xcix">
      <FileInfo>
        <Attr Name="UsedIn" Val="synthesis"/>
        <Attr Name="UsedIn" Val="implementation"/>
        <Attr Name="UsedIn" Val="simulation"/>
      </FileInfo>
    </File>
    <Config>
      <Option Name="TopModule" Val="PxlClkGen"/>
      <Option Name="UseBlackboxStub" Val="1"/>
    </Config>
  </FileSet>
  <Strategy Version="1" Minor="2">
    <StratHandle Name="Vivado Synthesis Defaults" Flow="Vivado Synthesis 2016">
      <Desc>Vivado Synthesis Defaults</Desc>
    </StratHandle>
    <Step Id="synth_design"/>
  </Strategy>
</GenRun>
