<?xml version="1.0" encoding="UTF-8"?>
<GenRun Id="synth_1" LaunchPart="xc7a100tcsg324-1" LaunchTime="1512385124">
  <File Type="RDS-PROPCONSTRS" Name="Nexys4UserDemo_drc_synth.rpt"/>
  <File Type="PA-TCL" Name="Nexys4UserDemo.tcl"/>
  <File Type="RDS-RDS" Name="Nexys4UserDemo.vds"/>
  <File Type="RDS-UTIL" Name="Nexys4UserDemo_utilization_synth.rpt"/>
  <File Type="RDS-UTIL-PB" Name="Nexys4UserDemo_utilization_synth.pb"/>
  <File Type="RDS-DCP" Name="Nexys4UserDemo.dcp"/>
  <File Type="VDS-TIMINGSUMMARY" Name="Nexys4UserDemo_timing_summary_synth.rpt"/>
  <File Type="VDS-TIMING-PB" Name="Nexys4UserDemo_timing_summary_synth.pb"/>
  <FileSet Name="sources" Type="DesignSrcs" RelSrcDir="$PSRCDIR/sources_1">
    <Filter Type="Srcs"/>
    <File Path="C:/Users/MAM/Desktop/Nexys-4-OOB-master/Nexys-4-OOB-master/src/hdl/SPI_If.vhd">
      <FileInfo>
        <Attr Name="UsedIn" Val="synthesis"/>
        <Attr Name="UsedIn" Val="simulation"/>
      </FileInfo>
    </File>
    <File Path="C:/Users/MAM/Desktop/Nexys-4-OOB-master/Nexys-4-OOB-master/src/hdl/MicDisplay.vhd">
      <FileInfo>
        <Attr Name="UsedIn" Val="synthesis"/>
        <Attr Name="UsedIn" Val="simulation"/>
      </FileInfo>
    </File>
    <File Path="C:/Users/MAM/Desktop/Nexys-4-OOB-master/Nexys-4-OOB-master/src/hdl/TWICtl.vhd">
      <FileInfo>
        <Attr Name="UsedIn" Val="synthesis"/>
        <Attr Name="UsedIn" Val="simulation"/>
      </FileInfo>
    </File>
    <File Path="C:/Users/MAM/Desktop/Nexys-4-OOB-master/Nexys-4-OOB-master/src/hdl/Ps2Interface.vhd">
      <FileInfo>
        <Attr Name="UsedIn" Val="synthesis"/>
        <Attr Name="UsedIn" Val="simulation"/>
      </FileInfo>
    </File>
    <File Path="C:/Users/MAM/Desktop/Nexys-4-OOB-master/Nexys-4-OOB-master/src/hdl/Pwm.vhd">
      <FileInfo>
        <Attr Name="UsedIn" Val="synthesis"/>
        <Attr Name="UsedIn" Val="simulation"/>
      </FileInfo>
    </File>
    <File Path="C:/Users/MAM/Desktop/Nexys-4-OOB-master/Nexys-4-OOB-master/src/hdl/MouseDisplay.vhd">
      <FileInfo>
        <Attr Name="UsedIn" Val="synthesis"/>
        <Attr Name="UsedIn" Val="simulation"/>
      </FileInfo>
    </File>
    <File Path="C:/Users/MAM/Desktop/Nexys-4-OOB-master/Nexys-4-OOB-master/src/hdl/PdmSer.vhd">
      <FileInfo>
        <Attr Name="UsedIn" Val="synthesis"/>
        <Attr Name="UsedIn" Val="simulation"/>
      </FileInfo>
    </File>
    <File Path="C:/Users/MAM/Desktop/Nexys-4-OOB-master/Nexys-4-OOB-master/src/hdl/sSegDisplay.vhd">
      <FileInfo>
        <Attr Name="UsedIn" Val="synthesis"/>
        <Attr Name="UsedIn" Val="simulation"/>
      </FileInfo>
    </File>
    <File Path="C:/Users/MAM/Desktop/Nexys-4-OOB-master/Nexys-4-OOB-master/src/hdl/AccelDisplay.vhd">
      <FileInfo>
        <Attr Name="UsedIn" Val="synthesis"/>
        <Attr Name="UsedIn" Val="simulation"/>
      </FileInfo>
    </File>
    <File Path="C:/Users/MAM/Desktop/Nexys-4-OOB-master/Nexys-4-OOB-master/src/hdl/Dbncr.vhd">
      <FileInfo>
        <Attr Name="UsedIn" Val="synthesis"/>
        <Attr Name="UsedIn" Val="simulation"/>
      </FileInfo>
    </File>
    <File Path="C:/Users/MAM/Desktop/Nexys-4-OOB-master/Nexys-4-OOB-master/src/hdl/LogoDisplay.vhd">
      <FileInfo>
        <Attr Name="UsedIn" Val="synthesis"/>
        <Attr Name="UsedIn" Val="simulation"/>
      </FileInfo>
    </File>
    <File Path="C:/Users/MAM/Desktop/Nexys-4-OOB-master/Nexys-4-OOB-master/src/hdl/AccelArithmetics.vhd">
      <FileInfo>
        <Attr Name="UsedIn" Val="synthesis"/>
        <Attr Name="UsedIn" Val="simulation"/>
      </FileInfo>
    </File>
    <File Path="C:/Users/MAM/Desktop/Nexys-4-OOB-master/Nexys-4-OOB-master/src/hdl/PsramCntrl.vhd">
      <FileInfo>
        <Attr Name="UsedIn" Val="synthesis"/>
        <Attr Name="UsedIn" Val="simulation"/>
      </FileInfo>
    </File>
    <File Path="C:/Users/MAM/Desktop/Nexys-4-OOB-master/Nexys-4-OOB-master/src/hdl/PdmDes.vhd">
      <FileInfo>
        <Attr Name="UsedIn" Val="synthesis"/>
        <Attr Name="UsedIn" Val="simulation"/>
      </FileInfo>
    </File>
    <File Path="C:/Users/MAM/Desktop/Nexys-4-OOB-master/Nexys-4-OOB-master/src/hdl/TempDisplay.vhd">
      <FileInfo>
        <Attr Name="UsedIn" Val="synthesis"/>
        <Attr Name="UsedIn" Val="simulation"/>
      </FileInfo>
    </File>
    <File Path="C:/Users/MAM/Desktop/Nexys-4-OOB-master/Nexys-4-OOB-master/src/hdl/LedBar.vhd">
      <FileInfo>
        <Attr Name="UsedIn" Val="synthesis"/>
        <Attr Name="UsedIn" Val="simulation"/>
      </FileInfo>
    </File>
    <File Path="C:/Users/MAM/Desktop/Nexys-4-OOB-master/Nexys-4-OOB-master/src/hdl/OverlayCtl.vhd">
      <FileInfo>
        <Attr Name="UsedIn" Val="synthesis"/>
        <Attr Name="UsedIn" Val="simulation"/>
      </FileInfo>
    </File>
    <File Path="C:/Users/MAM/Desktop/Nexys-4-OOB-master/Nexys-4-OOB-master/src/hdl/RgbLedDisplay.vhd">
      <FileInfo>
        <Attr Name="UsedIn" Val="synthesis"/>
        <Attr Name="UsedIn" Val="simulation"/>
      </FileInfo>
    </File>
    <File Path="C:/Users/MAM/Desktop/Nexys-4-OOB-master/Nexys-4-OOB-master/src/hdl/ADXL362Ctrl.vhd">
      <FileInfo>
        <Attr Name="UsedIn" Val="synthesis"/>
        <Attr Name="UsedIn" Val="simulation"/>
      </FileInfo>
    </File>
    <File Path="C:/Users/MAM/Desktop/Nexys-4-OOB-master/Nexys-4-OOB-master/src/hdl/LocalRst.vhd">
      <FileInfo>
        <Attr Name="UsedIn" Val="synthesis"/>
        <Attr Name="UsedIn" Val="simulation"/>
      </FileInfo>
    </File>
    <File Path="C:/Users/MAM/Desktop/Nexys-4-OOB-master/Nexys-4-OOB-master/src/hdl/AccelerometerCtl.vhd">
      <FileInfo>
        <Attr Name="UsedIn" Val="synthesis"/>
        <Attr Name="UsedIn" Val="simulation"/>
      </FileInfo>
    </File>
    <File Path="C:/Users/MAM/Desktop/Nexys-4-OOB-master/Nexys-4-OOB-master/src/hdl/RgbLed.vhd">
      <FileInfo>
        <Attr Name="UsedIn" Val="synthesis"/>
        <Attr Name="UsedIn" Val="simulation"/>
      </FileInfo>
    </File>
    <File Path="C:/Users/MAM/Desktop/Nexys-4-OOB-master/Nexys-4-OOB-master/src/hdl/MouseCtl.vhd">
      <FileInfo>
        <Attr Name="UsedIn" Val="synthesis"/>
        <Attr Name="UsedIn" Val="simulation"/>
      </FileInfo>
    </File>
    <File Path="C:/Users/MAM/Desktop/Nexys-4-OOB-master/Nexys-4-OOB-master/src/hdl/AudioDemo.vhd">
      <FileInfo>
        <Attr Name="UsedIn" Val="synthesis"/>
        <Attr Name="UsedIn" Val="simulation"/>
      </FileInfo>
    </File>
    <File Path="C:/Users/MAM/Desktop/Nexys-4-OOB-master/Nexys-4-OOB-master/src/hdl/Vga.vhd">
      <FileInfo>
        <Attr Name="UsedIn" Val="synthesis"/>
        <Attr Name="UsedIn" Val="simulation"/>
      </FileInfo>
    </File>
    <File Path="C:/Users/MAM/Desktop/Nexys-4-OOB-master/Nexys-4-OOB-master/src/hdl/FPGAMonitor.vhd">
      <FileInfo>
        <Attr Name="UsedIn" Val="synthesis"/>
        <Attr Name="UsedIn" Val="simulation"/>
      </FileInfo>
    </File>
    <File Path="C:/Users/MAM/Desktop/Nexys-4-OOB-master/Nexys-4-OOB-master/src/hdl/TempSensorCtl.vhd">
      <FileInfo>
        <Attr Name="UsedIn" Val="synthesis"/>
        <Attr Name="UsedIn" Val="simulation"/>
      </FileInfo>
    </File>
    <File Path="C:/Users/MAM/Desktop/Nexys-4-OOB-master/Nexys-4-OOB-master/src/hdl/sSegDemo.vhd">
      <FileInfo>
        <Attr Name="UsedIn" Val="synthesis"/>
        <Attr Name="UsedIn" Val="simulation"/>
      </FileInfo>
    </File>
    <File Path="C:/Users/MAM/Desktop/Nexys-4-OOB-master/Nexys-4-OOB-master/src/hdl/Nexys4UserDemo.vhd">
      <FileInfo>
        <Attr Name="UsedIn" Val="synthesis"/>
        <Attr Name="UsedIn" Val="simulation"/>
      </FileInfo>
    </File>
    <File Path="c:/Users/MAM/Desktop/Nexys-4-OOB-master/Nexys-4-OOB-master/src/others/Nexys4_all.coe">
      <FileInfo>
        <Attr Name="UsedIn" Val="synthesis"/>
        <Attr Name="UsedIn" Val="simulation"/>
      </FileInfo>
    </File>
    <File Path="C:/Users/MAM/Desktop/Nexys-4-OOB-master/Nexys-4-OOB-master/src/others/Nexys4_Overlay.bmp"/>
    <File Path="C:/Users/MAM/Desktop/Nexys-4-OOB-master/Nexys-4-OOB-master/src/others/Nexys4_Overlay.coe">
      <FileInfo>
        <Attr Name="UsedIn" Val="synthesis"/>
        <Attr Name="UsedIn" Val="simulation"/>
      </FileInfo>
    </File>
    <File Path="C:/Users/MAM/Desktop/Nexys-4-OOB-master/Nexys-4-OOB-master/src/others/Nexys4_all.bmp"/>
    <Config>
      <Option Name="DesignMode" Val="RTL"/>
      <Option Name="TopModule" Val="Nexys4UserDemo"/>
      <Option Name="TopAutoSet" Val="TRUE"/>
    </Config>
  </FileSet>
  <FileSet Name="constrs_in" Type="Constrs" RelSrcDir="$PSRCDIR/constrs_1">
    <Filter Type="Constrs"/>
    <File Path="C:/Users/MAM/Desktop/Nexys-4-OOB-master/Nexys-4-OOB-master/src/constraints/Nexys4_Master.xdc">
      <FileInfo>
        <Attr Name="UsedIn" Val="synthesis"/>
        <Attr Name="UsedIn" Val="implementation"/>
      </FileInfo>
    </File>
    <Config>
      <Option Name="ConstrsType" Val="XDC"/>
    </Config>
  </FileSet>
  <Strategy Version="1" Minor="2">
    <StratHandle Name="Vivado Synthesis Defaults" Flow="Vivado Synthesis 2016">
      <Desc>Vivado Synthesis Defaults</Desc>
    </StratHandle>
    <Step Id="synth_design"/>
  </Strategy>
  <BlockFileSet Type="BlockSrcs" Name="Square_Root"/>
  <BlockFileSet Type="BlockSrcs" Name="BRAM_1"/>
  <BlockFileSet Type="BlockSrcs" Name="PxlClkGen"/>
</GenRun>
