<?xml version="1.0" encoding="UTF-8"?>
<GenRun Id="Square_Root_synth_1" LaunchPart="xc7a100tcsg324-1" LaunchTime="1512346305">
  <File Type="RDS-PROPCONSTRS" Name="Square_Root_drc_synth.rpt"/>
  <File Type="PA-TCL" Name="Square_Root.tcl"/>
  <File Type="RDS-RDS" Name="Square_Root.vds"/>
  <File Type="RDS-UTIL" Name="Square_Root_utilization_synth.rpt"/>
  <File Type="RDS-UTIL-PB" Name="Square_Root_utilization_synth.pb"/>
  <File Type="RDS-DCP" Name="Square_Root.dcp"/>
  <File Type="VDS-TIMINGSUMMARY" Name="Square_Root_timing_summary_synth.rpt"/>
  <File Type="VDS-TIMING-PB" Name="Square_Root_timing_summary_synth.pb"/>
  <FileSet Name="sources" Type="BlockSrcs" RelSrcDir="$PSRCDIR/Square_Root">
    <File Path="C:/Users/MAM/Desktop/Nexys-4-OOB-master/Nexys-4-OOB-master/src/ip/Square_Root/Square_Root.xci">
      <FileInfo>
        <Attr Name="UsedIn" Val="synthesis"/>
        <Attr Name="UsedIn" Val="implementation"/>
        <Attr Name="UsedIn" Val="simulation"/>
      </FileInfo>
    </File>
    <Config>
      <Option Name="TopModule" Val="Square_Root"/>
      <Option Name="UseBlackboxStub" Val="1"/>
    </Config>
  </FileSet>
  <FileSet Name="constrs_in" Type="BlockSrcs" RelSrcDir="$PSRCDIR/Square_Root">
    <File Path="C:/Users/MAM/Desktop/Nexys-4-OOB-master/Nexys-4-OOB-master/src/ip/Square_Root/Square_Root.xci">
      <FileInfo>
        <Attr Name="UsedIn" Val="synthesis"/>
        <Attr Name="UsedIn" Val="implementation"/>
        <Attr Name="UsedIn" Val="simulation"/>
      </FileInfo>
    </File>
    <Config>
      <Option Name="TopModule" Val="Square_Root"/>
      <Option Name="UseBlackboxStub" Val="1"/>
    </Config>
  </FileSet>
  <Strategy Version="1" Minor="2">
    <StratHandle Name="Vivado Synthesis Defaults" Flow="Vivado Synthesis 2016">
      <Desc>Vivado Synthesis Defaults</Desc>
    </StratHandle>
    <Step Id="synth_design"/>
  </Strategy>
</GenRun>
