<?xml version="1.0" encoding="UTF-8"?>
<GenRun Id="impl_1" LaunchPart="xc7a100tcsg324-1" LaunchTime="1512399863">
  <File Type="PWROPT-DRC" Name="mlhdlc_sobel_fixpt_fil_drc_pwropted.rpt"/>
  <File Type="OPT-METHODOLOGY-DRC" Name="mlhdlc_sobel_fixpt_fil_methodology_drc_opted.rpt"/>
  <File Type="INIT-TIMING" Name="mlhdlc_sobel_fixpt_fil_timing_summary_init.rpt"/>
  <File Type="ROUTE-PWR-RPX" Name="mlhdlc_sobel_fixpt_fil_power_routed.rpx"/>
  <File Type="PA-TCL" Name="mlhdlc_sobel_fixpt_fil.tcl"/>
  <File Type="OPT-HWDEF" Name="mlhdlc_sobel_fixpt_fil.hwdef"/>
  <File Type="RDI-RDI" Name="mlhdlc_sobel_fixpt_fil.vdi"/>
  <File Type="OPT-DCP" Name="mlhdlc_sobel_fixpt_fil_opt.dcp"/>
  <File Type="OPT-DRC" Name="mlhdlc_sobel_fixpt_fil_drc_opted.rpt"/>
  <File Type="OPT-TIMING" Name="mlhdlc_sobel_fixpt_fil_timing_summary_opted.rpt"/>
  <File Type="PWROPT-DCP" Name="mlhdlc_sobel_fixpt_fil_pwropt.dcp"/>
  <File Type="PWROPT-TIMING" Name="mlhdlc_sobel_fixpt_fil_timing_summary_pwropted.rpt"/>
  <File Type="PLACE-DCP" Name="mlhdlc_sobel_fixpt_fil_placed.dcp"/>
  <File Type="PLACE-IO" Name="mlhdlc_sobel_fixpt_fil_io_placed.rpt"/>
  <File Type="PLACE-CLK" Name="mlhdlc_sobel_fixpt_fil_clock_utilization_placed.rpt"/>
  <File Type="PLACE-UTIL" Name="mlhdlc_sobel_fixpt_fil_utilization_placed.rpt"/>
  <File Type="PLACE-UTIL-PB" Name="mlhdlc_sobel_fixpt_fil_utilization_placed.pb"/>
  <File Type="PLACE-CTRL" Name="mlhdlc_sobel_fixpt_fil_control_sets_placed.rpt"/>
  <File Type="PLACE-SIMILARITY" Name="mlhdlc_sobel_fixpt_fil_incremental_reuse_placed.rpt"/>
  <File Type="PLACE-PRE-SIMILARITY" Name="mlhdlc_sobel_fixpt_fil_incremental_reuse_pre_placed.rpt"/>
  <File Type="PLACE-TIMING" Name="mlhdlc_sobel_fixpt_fil_timing_summary_placed.rpt"/>
  <File Type="POSTPLACE-PWROPT-DCP" Name="mlhdlc_sobel_fixpt_fil_postplace_pwropt.dcp"/>
  <File Type="POSTPLACE-PWROPT-TIMING" Name="mlhdlc_sobel_fixpt_fil_timing_summary_postplace_pwropted.rpt"/>
  <File Type="PHYSOPT-DCP" Name="mlhdlc_sobel_fixpt_fil_physopt.dcp"/>
  <File Type="PHYSOPT-DRC" Name="mlhdlc_sobel_fixpt_fil_drc_physopted.rpt"/>
  <File Type="PHYSOPT-TIMING" Name="mlhdlc_sobel_fixpt_fil_timing_summary_physopted.rpt"/>
  <File Type="ROUTE-ERROR-DCP" Name="mlhdlc_sobel_fixpt_fil_routed_error.dcp"/>
  <File Type="ROUTE-DCP" Name="mlhdlc_sobel_fixpt_fil_routed.dcp"/>
  <File Type="ROUTE-BLACKBOX-DCP" Name="mlhdlc_sobel_fixpt_fil_routed_bb.dcp"/>
  <File Type="ROUTE-DRC" Name="mlhdlc_sobel_fixpt_fil_drc_routed.rpt"/>
  <File Type="ROUTE-DRC-PB" Name="mlhdlc_sobel_fixpt_fil_drc_routed.pb"/>
  <File Type="BG-BIN" Name="mlhdlc_sobel_fixpt_fil.bin"/>
  <File Type="ROUTE-DRC-RPX" Name="mlhdlc_sobel_fixpt_fil_drc_routed.rpx"/>
  <File Type="BG-DRC" Name="mlhdlc_sobel_fixpt_fil.drc"/>
  <File Type="ROUTE-METHODOLOGY-DRC" Name="mlhdlc_sobel_fixpt_fil_methodology_drc_routed.rpt"/>
  <File Type="BITSTR-MSK" Name="mlhdlc_sobel_fixpt_fil.msk"/>
  <File Type="ROUTE-METHODOLOGY-DRC-RPX" Name="mlhdlc_sobel_fixpt_fil_methodology_drc_routed.rpx"/>
  <File Type="BG-BGN" Name="mlhdlc_sobel_fixpt_fil.bgn"/>
  <File Type="ROUTE-METHODOLOGY-DRC-PB" Name="mlhdlc_sobel_fixpt_fil_methodology_drc_routed.pb"/>
  <File Type="ROUTE-PWR" Name="mlhdlc_sobel_fixpt_fil_power_routed.rpt"/>
  <File Type="ROUTE-PWR-SUM" Name="mlhdlc_sobel_fixpt_fil_power_summary_routed.pb"/>
  <File Type="ROUTE-STATUS" Name="mlhdlc_sobel_fixpt_fil_route_status.rpt"/>
  <File Type="ROUTE-STATUS-PB" Name="mlhdlc_sobel_fixpt_fil_route_status.pb"/>
  <File Type="ROUTE-TIMINGSUMMARY" Name="mlhdlc_sobel_fixpt_fil_timing_summary_routed.rpt"/>
  <File Type="ROUTE-TIMING-PB" Name="mlhdlc_sobel_fixpt_fil_timing_summary_routed.pb"/>
  <File Type="ROUTE-TIMING-RPX" Name="mlhdlc_sobel_fixpt_fil_timing_summary_routed.rpx"/>
  <File Type="ROUTE-SIMILARITY" Name="mlhdlc_sobel_fixpt_fil_incremental_reuse_routed.rpt"/>
  <File Type="ROUTE-CLK" Name="mlhdlc_sobel_fixpt_fil_clock_utilization_routed.rpt"/>
  <File Type="POSTROUTE-PHYSOPT-DCP" Name="mlhdlc_sobel_fixpt_fil_postroute_physopt.dcp"/>
  <File Type="POSTROUTE-PHYSOPT-BLACKBOX-DCP" Name="mlhdlc_sobel_fixpt_fil_postroute_physopt_bb.dcp"/>
  <File Type="POSTROUTE-PHYSOPT-TIMING" Name="mlhdlc_sobel_fixpt_fil_timing_summary_postroute_physopted.rpt"/>
  <File Type="POSTROUTE-PHYSOPT-TIMING-PB" Name="mlhdlc_sobel_fixpt_fil_timing_summary_postroute_physopted.pb"/>
  <File Type="POSTROUTE-PHYSOPT-TIMING-RPX" Name="mlhdlc_sobel_fixpt_fil_timing_summary_postroute_physopted.rpx"/>
  <File Type="BG-BIT" Name="mlhdlc_sobel_fixpt_fil.bit"/>
  <File Type="BITSTR-RBT" Name="mlhdlc_sobel_fixpt_fil.rbt"/>
  <File Type="BITSTR-NKY" Name="mlhdlc_sobel_fixpt_fil.nky"/>
  <File Type="BITSTR-BMM" Name="mlhdlc_sobel_fixpt_fil_bd.bmm"/>
  <File Type="BITSTR-MMI" Name="mlhdlc_sobel_fixpt_fil.mmi"/>
  <File Type="BITSTR-SYSDEF" Name="mlhdlc_sobel_fixpt_fil.sysdef"/>
  <File Type="WBT-USG" Name="usage_statistics_webtalk.html"/>
  <FileSet Name="sources" Type="DesignSrcs" RelSrcDir="$PSRCDIR/sources_1">
    <Filter Type="Srcs"/>
    <File Path="$PPRDIR/../filsrc/MWDPRAM.vhd">
      <FileInfo>
        <Attr Name="UsedIn" Val="synthesis"/>
        <Attr Name="UsedIn" Val="simulation"/>
      </FileInfo>
    </File>
    <File Path="$PPRDIR/../../../hdlsrc/mlhdlc_sobel_fixpt_pkg.vhd">
      <FileInfo>
        <Attr Name="UsedIn" Val="synthesis"/>
        <Attr Name="UsedIn" Val="simulation"/>
      </FileInfo>
    </File>
    <File Path="$PPRDIR/../../../hdlsrc/SimpleDualPortRAM_generic.vhd">
      <FileInfo>
        <Attr Name="UsedIn" Val="synthesis"/>
        <Attr Name="UsedIn" Val="simulation"/>
      </FileInfo>
    </File>
    <File Path="$PPRDIR/../filsrc/MWAsyncFIFO.vhd">
      <FileInfo>
        <Attr Name="UsedIn" Val="synthesis"/>
        <Attr Name="UsedIn" Val="simulation"/>
      </FileInfo>
    </File>
    <File Path="$PPRDIR/../filsrc/MWPKTBuffer.vhd">
      <FileInfo>
        <Attr Name="UsedIn" Val="synthesis"/>
        <Attr Name="UsedIn" Val="simulation"/>
      </FileInfo>
    </File>
    <File Path="$PPRDIR/../filsrc/mwfil_dpscram.vhd">
      <FileInfo>
        <Attr Name="UsedIn" Val="synthesis"/>
        <Attr Name="UsedIn" Val="simulation"/>
      </FileInfo>
    </File>
    <File Path="$PPRDIR/../../../hdlsrc/mlhdlc_sobel_fixpt.vhd">
      <FileInfo>
        <Attr Name="UsedIn" Val="synthesis"/>
        <Attr Name="UsedIn" Val="simulation"/>
      </FileInfo>
    </File>
    <File Path="$PPRDIR/../filsrc/mwrxmac.vhd">
      <FileInfo>
        <Attr Name="UsedIn" Val="synthesis"/>
        <Attr Name="UsedIn" Val="simulation"/>
      </FileInfo>
    </File>
    <File Path="$PPRDIR/../filsrc/mwtxmac.vhd">
      <FileInfo>
        <Attr Name="UsedIn" Val="synthesis"/>
        <Attr Name="UsedIn" Val="simulation"/>
      </FileInfo>
    </File>
    <File Path="$PPRDIR/../filsrc/mwpingram.vhd">
      <FileInfo>
        <Attr Name="UsedIn" Val="synthesis"/>
        <Attr Name="UsedIn" Val="simulation"/>
      </FileInfo>
    </File>
    <File Path="$PPRDIR/../filsrc/FILUDPCRC.vhd">
      <FileInfo>
        <Attr Name="UsedIn" Val="synthesis"/>
        <Attr Name="UsedIn" Val="simulation"/>
      </FileInfo>
    </File>
    <File Path="$PPRDIR/../filsrc/FILPktMUX.vhd">
      <FileInfo>
        <Attr Name="UsedIn" Val="synthesis"/>
        <Attr Name="UsedIn" Val="simulation"/>
      </FileInfo>
    </File>
    <File Path="$PPRDIR/../filsrc/FILCmdProc.vhd">
      <FileInfo>
        <Attr Name="UsedIn" Val="synthesis"/>
        <Attr Name="UsedIn" Val="simulation"/>
      </FileInfo>
    </File>
    <File Path="$PPRDIR/../filsrc/FILDataProc.vhd">
      <FileInfo>
        <Attr Name="UsedIn" Val="synthesis"/>
        <Attr Name="UsedIn" Val="simulation"/>
      </FileInfo>
    </File>
    <File Path="$PPRDIR/../filsrc/MWUDPPKTBuilder.vhd">
      <FileInfo>
        <Attr Name="UsedIn" Val="synthesis"/>
        <Attr Name="UsedIn" Val="simulation"/>
      </FileInfo>
    </File>
    <File Path="$PPRDIR/../filsrc/mwfil_udfifo.vhd">
      <FileInfo>
        <Attr Name="UsedIn" Val="synthesis"/>
        <Attr Name="UsedIn" Val="simulation"/>
      </FileInfo>
    </File>
    <File Path="$PPRDIR/../filsrc/mwfil_bus2dut.vhd">
      <FileInfo>
        <Attr Name="UsedIn" Val="synthesis"/>
        <Attr Name="UsedIn" Val="simulation"/>
      </FileInfo>
    </File>
    <File Path="$PPRDIR/../filsrc/mwfil_controller.vhd">
      <FileInfo>
        <Attr Name="UsedIn" Val="synthesis"/>
        <Attr Name="UsedIn" Val="simulation"/>
      </FileInfo>
    </File>
    <File Path="$PPRDIR/../filsrc/mwfil_dut2bus.vhd">
      <FileInfo>
        <Attr Name="UsedIn" Val="synthesis"/>
        <Attr Name="UsedIn" Val="simulation"/>
      </FileInfo>
    </File>
    <File Path="$PPRDIR/../filsrc/MWMAC.vhd">
      <FileInfo>
        <Attr Name="UsedIn" Val="synthesis"/>
        <Attr Name="UsedIn" Val="simulation"/>
      </FileInfo>
    </File>
    <File Path="$PPRDIR/../filsrc/FILPktProc.vhd">
      <FileInfo>
        <Attr Name="UsedIn" Val="synthesis"/>
        <Attr Name="UsedIn" Val="simulation"/>
      </FileInfo>
    </File>
    <File Path="$PPRDIR/../filsrc/mwfil_chifcore.vhd">
      <FileInfo>
        <Attr Name="UsedIn" Val="synthesis"/>
        <Attr Name="UsedIn" Val="simulation"/>
      </FileInfo>
    </File>
    <File Path="$PPRDIR/../filsrc/mlhdlc_sobel_fixpt_wrapper.vhd">
      <FileInfo>
        <Attr Name="UsedIn" Val="synthesis"/>
        <Attr Name="UsedIn" Val="simulation"/>
      </FileInfo>
    </File>
    <File Path="$PPRDIR/../filsrc/MWMII2GMII.vhd">
      <FileInfo>
        <Attr Name="UsedIn" Val="synthesis"/>
        <Attr Name="UsedIn" Val="simulation"/>
      </FileInfo>
    </File>
    <File Path="$PPRDIR/../filsrc/FILCommLayer.vhd">
      <FileInfo>
        <Attr Name="UsedIn" Val="synthesis"/>
        <Attr Name="UsedIn" Val="simulation"/>
      </FileInfo>
    </File>
    <File Path="$PPRDIR/../filsrc/mwfil_chiftop.vhd">
      <FileInfo>
        <Attr Name="UsedIn" Val="synthesis"/>
        <Attr Name="UsedIn" Val="simulation"/>
      </FileInfo>
    </File>
    <File Path="$PPRDIR/../filsrc/MWXlnxRMII2GMII.vhd">
      <FileInfo>
        <Attr Name="UsedIn" Val="synthesis"/>
        <Attr Name="UsedIn" Val="simulation"/>
      </FileInfo>
    </File>
    <File Path="$PPRDIR/../filsrc/FILCore.vhd">
      <FileInfo>
        <Attr Name="UsedIn" Val="synthesis"/>
        <Attr Name="UsedIn" Val="simulation"/>
      </FileInfo>
    </File>
    <File Path="$PPRDIR/../filsrc/MWMdioBasic.vhd">
      <FileInfo>
        <Attr Name="UsedIn" Val="synthesis"/>
        <Attr Name="UsedIn" Val="simulation"/>
      </FileInfo>
    </File>
    <File Path="$PPRDIR/../filsrc/mlhdlc_sobel_fixpt_fil.vhd">
      <FileInfo>
        <Attr Name="UsedIn" Val="synthesis"/>
        <Attr Name="UsedIn" Val="simulation"/>
      </FileInfo>
    </File>
    <File Path="$PPRDIR/../filsrc/mlhdlc_sobel_fixpt_fil.xdc">
      <FileInfo>
        <Attr Name="UsedIn" Val="synthesis"/>
        <Attr Name="UsedIn" Val="implementation"/>
      </FileInfo>
    </File>
    <Config>
      <Option Name="DesignMode" Val="RTL"/>
      <Option Name="TopModule" Val="mlhdlc_sobel_fixpt_fil"/>
    </Config>
  </FileSet>
  <FileSet Name="constrs_in" Type="Constrs" RelSrcDir="$PSRCDIR/constrs_1">
    <Filter Type="Constrs"/>
    <Config>
      <Option Name="ConstrsType" Val="XDC"/>
    </Config>
  </FileSet>
  <Strategy Version="1" Minor="2">
    <StratHandle Name="Vivado Implementation Defaults" Flow="Vivado Implementation 2016">
      <Desc>Default settings for Implementation.</Desc>
    </StratHandle>
    <Step Id="init_design"/>
    <Step Id="opt_design"/>
    <Step Id="power_opt_design"/>
    <Step Id="place_design"/>
    <Step Id="post_place_power_opt_design"/>
    <Step Id="phys_opt_design"/>
    <Step Id="route_design"/>
    <Step Id="post_route_phys_opt_design"/>
    <Step Id="write_bitstream"/>
  </Strategy>
  <BlockFileSet Type="BlockSrcs" Name="mii_to_rmii_0"/>
  <BlockFileSet Type="BlockSrcs" Name="clk_wiz_0"/>
</GenRun>
