<?xml version="1.0" encoding="UTF-8"?>
<GenRun Id="impl_1" LaunchPart="xc7a100tcsg324-1" LaunchTime="1512384002">
  <File Type="PWROPT-DRC" Name="Streaming_2_D_FIR_Filter_fil_drc_pwropted.rpt"/>
  <File Type="OPT-METHODOLOGY-DRC" Name="Streaming_2_D_FIR_Filter_fil_methodology_drc_opted.rpt"/>
  <File Type="INIT-TIMING" Name="Streaming_2_D_FIR_Filter_fil_timing_summary_init.rpt"/>
  <File Type="ROUTE-PWR-RPX" Name="Streaming_2_D_FIR_Filter_fil_power_routed.rpx"/>
  <File Type="PA-TCL" Name="Streaming_2_D_FIR_Filter_fil.tcl"/>
  <File Type="OPT-HWDEF" Name="Streaming_2_D_FIR_Filter_fil.hwdef"/>
  <File Type="RDI-RDI" Name="Streaming_2_D_FIR_Filter_fil.vdi"/>
  <File Type="OPT-DCP" Name="Streaming_2_D_FIR_Filter_fil_opt.dcp"/>
  <File Type="OPT-DRC" Name="Streaming_2_D_FIR_Filter_fil_drc_opted.rpt"/>
  <File Type="OPT-TIMING" Name="Streaming_2_D_FIR_Filter_fil_timing_summary_opted.rpt"/>
  <File Type="PWROPT-DCP" Name="Streaming_2_D_FIR_Filter_fil_pwropt.dcp"/>
  <File Type="PWROPT-TIMING" Name="Streaming_2_D_FIR_Filter_fil_timing_summary_pwropted.rpt"/>
  <File Type="PLACE-DCP" Name="Streaming_2_D_FIR_Filter_fil_placed.dcp"/>
  <File Type="PLACE-IO" Name="Streaming_2_D_FIR_Filter_fil_io_placed.rpt"/>
  <File Type="PLACE-CLK" Name="Streaming_2_D_FIR_Filter_fil_clock_utilization_placed.rpt"/>
  <File Type="PLACE-UTIL" Name="Streaming_2_D_FIR_Filter_fil_utilization_placed.rpt"/>
  <File Type="PLACE-UTIL-PB" Name="Streaming_2_D_FIR_Filter_fil_utilization_placed.pb"/>
  <File Type="PLACE-CTRL" Name="Streaming_2_D_FIR_Filter_fil_control_sets_placed.rpt"/>
  <File Type="PLACE-SIMILARITY" Name="Streaming_2_D_FIR_Filter_fil_incremental_reuse_placed.rpt"/>
  <File Type="PLACE-PRE-SIMILARITY" Name="Streaming_2_D_FIR_Filter_fil_incremental_reuse_pre_placed.rpt"/>
  <File Type="PLACE-TIMING" Name="Streaming_2_D_FIR_Filter_fil_timing_summary_placed.rpt"/>
  <File Type="POSTPLACE-PWROPT-DCP" Name="Streaming_2_D_FIR_Filter_fil_postplace_pwropt.dcp"/>
  <File Type="POSTPLACE-PWROPT-TIMING" Name="Streaming_2_D_FIR_Filter_fil_timing_summary_postplace_pwropted.rpt"/>
  <File Type="PHYSOPT-DCP" Name="Streaming_2_D_FIR_Filter_fil_physopt.dcp"/>
  <File Type="PHYSOPT-DRC" Name="Streaming_2_D_FIR_Filter_fil_drc_physopted.rpt"/>
  <File Type="PHYSOPT-TIMING" Name="Streaming_2_D_FIR_Filter_fil_timing_summary_physopted.rpt"/>
  <File Type="ROUTE-ERROR-DCP" Name="Streaming_2_D_FIR_Filter_fil_routed_error.dcp"/>
  <File Type="ROUTE-DCP" Name="Streaming_2_D_FIR_Filter_fil_routed.dcp"/>
  <File Type="ROUTE-BLACKBOX-DCP" Name="Streaming_2_D_FIR_Filter_fil_routed_bb.dcp"/>
  <File Type="ROUTE-DRC" Name="Streaming_2_D_FIR_Filter_fil_drc_routed.rpt"/>
  <File Type="ROUTE-DRC-PB" Name="Streaming_2_D_FIR_Filter_fil_drc_routed.pb"/>
  <File Type="BG-BIN" Name="Streaming_2_D_FIR_Filter_fil.bin"/>
  <File Type="ROUTE-DRC-RPX" Name="Streaming_2_D_FIR_Filter_fil_drc_routed.rpx"/>
  <File Type="BG-DRC" Name="Streaming_2_D_FIR_Filter_fil.drc"/>
  <File Type="ROUTE-METHODOLOGY-DRC" Name="Streaming_2_D_FIR_Filter_fil_methodology_drc_routed.rpt"/>
  <File Type="BITSTR-MSK" Name="Streaming_2_D_FIR_Filter_fil.msk"/>
  <File Type="ROUTE-METHODOLOGY-DRC-RPX" Name="Streaming_2_D_FIR_Filter_fil_methodology_drc_routed.rpx"/>
  <File Type="BG-BGN" Name="Streaming_2_D_FIR_Filter_fil.bgn"/>
  <File Type="ROUTE-METHODOLOGY-DRC-PB" Name="Streaming_2_D_FIR_Filter_fil_methodology_drc_routed.pb"/>
  <File Type="ROUTE-PWR" Name="Streaming_2_D_FIR_Filter_fil_power_routed.rpt"/>
  <File Type="ROUTE-PWR-SUM" Name="Streaming_2_D_FIR_Filter_fil_power_summary_routed.pb"/>
  <File Type="ROUTE-STATUS" Name="Streaming_2_D_FIR_Filter_fil_route_status.rpt"/>
  <File Type="ROUTE-STATUS-PB" Name="Streaming_2_D_FIR_Filter_fil_route_status.pb"/>
  <File Type="ROUTE-TIMINGSUMMARY" Name="Streaming_2_D_FIR_Filter_fil_timing_summary_routed.rpt"/>
  <File Type="ROUTE-TIMING-PB" Name="Streaming_2_D_FIR_Filter_fil_timing_summary_routed.pb"/>
  <File Type="ROUTE-TIMING-RPX" Name="Streaming_2_D_FIR_Filter_fil_timing_summary_routed.rpx"/>
  <File Type="ROUTE-SIMILARITY" Name="Streaming_2_D_FIR_Filter_fil_incremental_reuse_routed.rpt"/>
  <File Type="ROUTE-CLK" Name="Streaming_2_D_FIR_Filter_fil_clock_utilization_routed.rpt"/>
  <File Type="POSTROUTE-PHYSOPT-DCP" Name="Streaming_2_D_FIR_Filter_fil_postroute_physopt.dcp"/>
  <File Type="POSTROUTE-PHYSOPT-BLACKBOX-DCP" Name="Streaming_2_D_FIR_Filter_fil_postroute_physopt_bb.dcp"/>
  <File Type="POSTROUTE-PHYSOPT-TIMING" Name="Streaming_2_D_FIR_Filter_fil_timing_summary_postroute_physopted.rpt"/>
  <File Type="POSTROUTE-PHYSOPT-TIMING-PB" Name="Streaming_2_D_FIR_Filter_fil_timing_summary_postroute_physopted.pb"/>
  <File Type="POSTROUTE-PHYSOPT-TIMING-RPX" Name="Streaming_2_D_FIR_Filter_fil_timing_summary_postroute_physopted.rpx"/>
  <File Type="BG-BIT" Name="Streaming_2_D_FIR_Filter_fil.bit"/>
  <File Type="BITSTR-RBT" Name="Streaming_2_D_FIR_Filter_fil.rbt"/>
  <File Type="BITSTR-NKY" Name="Streaming_2_D_FIR_Filter_fil.nky"/>
  <File Type="BITSTR-BMM" Name="Streaming_2_D_FIR_Filter_fil_bd.bmm"/>
  <File Type="BITSTR-MMI" Name="Streaming_2_D_FIR_Filter_fil.mmi"/>
  <File Type="BITSTR-SYSDEF" Name="Streaming_2_D_FIR_Filter_fil.sysdef"/>
  <File Type="WBT-USG" Name="usage_statistics_webtalk.html"/>
  <FileSet Name="sources" Type="DesignSrcs" RelSrcDir="$PSRCDIR/sources_1">
    <Filter Type="Srcs"/>
    <File Path="$PPRDIR/../../Streaming_VHDL/fil_videosharp_sim/eML_Counter_block2.vhd">
      <FileInfo>
        <Attr Name="UsedIn" Val="synthesis"/>
        <Attr Name="UsedIn" Val="simulation"/>
      </FileInfo>
    </File>
    <File Path="$PPRDIR/../../Streaming_VHDL/fil_videosharp_sim/eML_Counter_block3.vhd">
      <FileInfo>
        <Attr Name="UsedIn" Val="synthesis"/>
        <Attr Name="UsedIn" Val="simulation"/>
      </FileInfo>
    </File>
    <File Path="$PPRDIR/../../Streaming_VHDL/fil_videosharp_sim/eML_Counter_block4.vhd">
      <FileInfo>
        <Attr Name="UsedIn" Val="synthesis"/>
        <Attr Name="UsedIn" Val="simulation"/>
      </FileInfo>
    </File>
    <File Path="$PPRDIR/../../Streaming_VHDL/fil_videosharp_sim/SimpleDualPortRAM_generic.vhd">
      <FileInfo>
        <Attr Name="UsedIn" Val="synthesis"/>
        <Attr Name="UsedIn" Val="simulation"/>
      </FileInfo>
    </File>
    <File Path="$PPRDIR/../../Streaming_VHDL/fil_videosharp_sim/Streaming_2_D_FIR_Filter_pkg.vhd">
      <FileInfo>
        <Attr Name="UsedIn" Val="synthesis"/>
        <Attr Name="UsedIn" Val="simulation"/>
      </FileInfo>
    </File>
    <File Path="$PPRDIR/../../Streaming_VHDL/fil_videosharp_sim/Time_Distance.vhd">
      <FileInfo>
        <Attr Name="UsedIn" Val="synthesis"/>
        <Attr Name="UsedIn" Val="simulation"/>
      </FileInfo>
    </File>
    <File Path="$PPRDIR/../../Streaming_VHDL/fil_videosharp_sim/Aligned_to_Second_Pulse.vhd">
      <FileInfo>
        <Attr Name="UsedIn" Val="synthesis"/>
        <Attr Name="UsedIn" Val="simulation"/>
      </FileInfo>
    </File>
    <File Path="$PPRDIR/../../Streaming_VHDL/fil_videosharp_sim/Bit_Set.vhd">
      <FileInfo>
        <Attr Name="UsedIn" Val="synthesis"/>
        <Attr Name="UsedIn" Val="simulation"/>
      </FileInfo>
    </File>
    <File Path="$PPRDIR/../../Streaming_VHDL/fil_videosharp_sim/Detect_Frame_End.vhd">
      <FileInfo>
        <Attr Name="UsedIn" Val="synthesis"/>
        <Attr Name="UsedIn" Val="simulation"/>
      </FileInfo>
    </File>
    <File Path="$PPRDIR/../../Streaming_VHDL/fil_videosharp_sim/Detect_Frame_Start.vhd">
      <FileInfo>
        <Attr Name="UsedIn" Val="synthesis"/>
        <Attr Name="UsedIn" Val="simulation"/>
      </FileInfo>
    </File>
    <File Path="$PPRDIR/../../Streaming_VHDL/fil_videosharp_sim/Detect_Line_End.vhd">
      <FileInfo>
        <Attr Name="UsedIn" Val="synthesis"/>
        <Attr Name="UsedIn" Val="simulation"/>
      </FileInfo>
    </File>
    <File Path="$PPRDIR/../../Streaming_VHDL/fil_videosharp_sim/Detect_Line_Start.vhd">
      <FileInfo>
        <Attr Name="UsedIn" Val="synthesis"/>
        <Attr Name="UsedIn" Val="simulation"/>
      </FileInfo>
    </File>
    <File Path="$PPRDIR/../../Streaming_VHDL/fil_videosharp_sim/Dynamic_RAM_Blocks.vhd">
      <FileInfo>
        <Attr Name="UsedIn" Val="synthesis"/>
        <Attr Name="UsedIn" Val="simulation"/>
      </FileInfo>
    </File>
    <File Path="$PPRDIR/../../Streaming_VHDL/fil_videosharp_sim/eML_Counter.vhd">
      <FileInfo>
        <Attr Name="UsedIn" Val="synthesis"/>
        <Attr Name="UsedIn" Val="simulation"/>
      </FileInfo>
    </File>
    <File Path="$PPRDIR/../../Streaming_VHDL/fil_videosharp_sim/eML_Counter_block.vhd">
      <FileInfo>
        <Attr Name="UsedIn" Val="synthesis"/>
        <Attr Name="UsedIn" Val="simulation"/>
      </FileInfo>
    </File>
    <File Path="$PPRDIR/../../Streaming_VHDL/fil_videosharp_sim/eML_Counter_block1.vhd">
      <FileInfo>
        <Attr Name="UsedIn" Val="synthesis"/>
        <Attr Name="UsedIn" Val="simulation"/>
      </FileInfo>
    </File>
    <File Path="$PPRDIR/../../Streaming_VHDL/fil_videosharp_sim/eML_Counter_block5.vhd">
      <FileInfo>
        <Attr Name="UsedIn" Val="synthesis"/>
        <Attr Name="UsedIn" Val="simulation"/>
      </FileInfo>
    </File>
    <File Path="$PPRDIR/../../Streaming_VHDL/fil_videosharp_sim/eML_Counter_block6.vhd">
      <FileInfo>
        <Attr Name="UsedIn" Val="synthesis"/>
        <Attr Name="UsedIn" Val="simulation"/>
      </FileInfo>
    </File>
    <File Path="$PPRDIR/../../Streaming_VHDL/fil_videosharp_sim/Hold_Valid_Counter.vhd">
      <FileInfo>
        <Attr Name="UsedIn" Val="synthesis"/>
        <Attr Name="UsedIn" Val="simulation"/>
      </FileInfo>
    </File>
    <File Path="$PPRDIR/../../Streaming_VHDL/fil_videosharp_sim/Pos_Edge_Detect.vhd">
      <FileInfo>
        <Attr Name="UsedIn" Val="synthesis"/>
        <Attr Name="UsedIn" Val="simulation"/>
      </FileInfo>
    </File>
    <File Path="$PPRDIR/../../Streaming_VHDL/fil_videosharp_sim/Pos_Edge_Detect1.vhd">
      <FileInfo>
        <Attr Name="UsedIn" Val="synthesis"/>
        <Attr Name="UsedIn" Val="simulation"/>
      </FileInfo>
    </File>
    <File Path="$PPRDIR/../../Streaming_VHDL/fil_videosharp_sim/Read_Line_Counter1.vhd">
      <FileInfo>
        <Attr Name="UsedIn" Val="synthesis"/>
        <Attr Name="UsedIn" Val="simulation"/>
      </FileInfo>
    </File>
    <File Path="$PPRDIR/../../Streaming_VHDL/fil_videosharp_sim/Repeat_Counter.vhd">
      <FileInfo>
        <Attr Name="UsedIn" Val="synthesis"/>
        <Attr Name="UsedIn" Val="simulation"/>
      </FileInfo>
    </File>
    <File Path="$PPRDIR/../../Streaming_VHDL/fil_videosharp_sim/SyncMux.vhd">
      <FileInfo>
        <Attr Name="UsedIn" Val="synthesis"/>
        <Attr Name="UsedIn" Val="simulation"/>
      </FileInfo>
    </File>
    <File Path="$PPRDIR/../../Streaming_VHDL/fil_videosharp_sim/Time_Distance_block.vhd">
      <FileInfo>
        <Attr Name="UsedIn" Val="synthesis"/>
        <Attr Name="UsedIn" Val="simulation"/>
      </FileInfo>
    </File>
    <File Path="$PPRDIR/../../Streaming_VHDL/fil_videosharp_sim/Adjust_Sync_Signals.vhd">
      <FileInfo>
        <Attr Name="UsedIn" Val="synthesis"/>
        <Attr Name="UsedIn" Val="simulation"/>
      </FileInfo>
    </File>
    <File Path="$PPRDIR/../../Streaming_VHDL/fil_videosharp_sim/Aligned_Pulse.vhd">
      <FileInfo>
        <Attr Name="UsedIn" Val="synthesis"/>
        <Attr Name="UsedIn" Val="simulation"/>
      </FileInfo>
    </File>
    <File Path="$PPRDIR/../../Streaming_VHDL/fil_videosharp_sim/Aligned_Pulse1.vhd">
      <FileInfo>
        <Attr Name="UsedIn" Val="synthesis"/>
        <Attr Name="UsedIn" Val="simulation"/>
      </FileInfo>
    </File>
    <File Path="$PPRDIR/../../Streaming_VHDL/fil_videosharp_sim/decoder.vhd">
      <FileInfo>
        <Attr Name="UsedIn" Val="synthesis"/>
        <Attr Name="UsedIn" Val="simulation"/>
      </FileInfo>
    </File>
    <File Path="$PPRDIR/../../Streaming_VHDL/fil_videosharp_sim/Detect_Valid.vhd">
      <FileInfo>
        <Attr Name="UsedIn" Val="synthesis"/>
        <Attr Name="UsedIn" Val="simulation"/>
      </FileInfo>
    </File>
    <File Path="$PPRDIR/../../Streaming_VHDL/fil_videosharp_sim/Initial_Line_Skip.vhd">
      <FileInfo>
        <Attr Name="UsedIn" Val="synthesis"/>
        <Attr Name="UsedIn" Val="simulation"/>
      </FileInfo>
    </File>
    <File Path="$PPRDIR/../../Streaming_VHDL/fil_videosharp_sim/Line_Selector.vhd">
      <FileInfo>
        <Attr Name="UsedIn" Val="synthesis"/>
        <Attr Name="UsedIn" Val="simulation"/>
      </FileInfo>
    </File>
    <File Path="$PPRDIR/../../Streaming_VHDL/fil_videosharp_sim/Out_Row_Count.vhd">
      <FileInfo>
        <Attr Name="UsedIn" Val="synthesis"/>
        <Attr Name="UsedIn" Val="simulation"/>
      </FileInfo>
    </File>
    <File Path="$PPRDIR/../../Streaming_VHDL/fil_videosharp_sim/RAM_Blocks.vhd">
      <FileInfo>
        <Attr Name="UsedIn" Val="synthesis"/>
        <Attr Name="UsedIn" Val="simulation"/>
      </FileInfo>
    </File>
    <File Path="$PPRDIR/../../Streaming_VHDL/fil_videosharp_sim/Read_Col_Counter.vhd">
      <FileInfo>
        <Attr Name="UsedIn" Val="synthesis"/>
        <Attr Name="UsedIn" Val="simulation"/>
      </FileInfo>
    </File>
    <File Path="$PPRDIR/../../Streaming_VHDL/fil_videosharp_sim/Read_Control.vhd">
      <FileInfo>
        <Attr Name="UsedIn" Val="synthesis"/>
        <Attr Name="UsedIn" Val="simulation"/>
      </FileInfo>
    </File>
    <File Path="$PPRDIR/../../Streaming_VHDL/fil_videosharp_sim/Read_Line_Count.vhd">
      <FileInfo>
        <Attr Name="UsedIn" Val="synthesis"/>
        <Attr Name="UsedIn" Val="simulation"/>
      </FileInfo>
    </File>
    <File Path="$PPRDIR/../../Streaming_VHDL/fil_videosharp_sim/Select_All_Output_Rows.vhd">
      <FileInfo>
        <Attr Name="UsedIn" Val="synthesis"/>
        <Attr Name="UsedIn" Val="simulation"/>
      </FileInfo>
    </File>
    <File Path="$PPRDIR/../../Streaming_VHDL/fil_videosharp_sim/Sync_Demux.vhd">
      <FileInfo>
        <Attr Name="UsedIn" Val="synthesis"/>
        <Attr Name="UsedIn" Val="simulation"/>
      </FileInfo>
    </File>
    <File Path="$PPRDIR/../../Streaming_VHDL/fil_videosharp_sim/Write_Col_Counter.vhd">
      <FileInfo>
        <Attr Name="UsedIn" Val="synthesis"/>
        <Attr Name="UsedIn" Val="simulation"/>
      </FileInfo>
    </File>
    <File Path="$PPRDIR/../../Streaming_VHDL/fil_videosharp_sim/Write_Line_Counter.vhd">
      <FileInfo>
        <Attr Name="UsedIn" Val="synthesis"/>
        <Attr Name="UsedIn" Val="simulation"/>
      </FileInfo>
    </File>
    <File Path="$PPRDIR/../../Streaming_VHDL/fil_videosharp_sim/Aligned_Demux.vhd">
      <FileInfo>
        <Attr Name="UsedIn" Val="synthesis"/>
        <Attr Name="UsedIn" Val="simulation"/>
      </FileInfo>
    </File>
    <File Path="$PPRDIR/../../Streaming_VHDL/fil_videosharp_sim/Line_Memory_Bank.vhd">
      <FileInfo>
        <Attr Name="UsedIn" Val="synthesis"/>
        <Attr Name="UsedIn" Val="simulation"/>
      </FileInfo>
    </File>
    <File Path="$PPRDIR/../../Streaming_VHDL/fil_videosharp_sim/Line_Memory_Controller.vhd">
      <FileInfo>
        <Attr Name="UsedIn" Val="synthesis"/>
        <Attr Name="UsedIn" Val="simulation"/>
      </FileInfo>
    </File>
    <File Path="$PPRDIR/../../Streaming_VHDL/fil_videosharp_sim/Make_Neighborhood.vhd">
      <FileInfo>
        <Attr Name="UsedIn" Val="synthesis"/>
        <Attr Name="UsedIn" Val="simulation"/>
      </FileInfo>
    </File>
    <File Path="$PPRDIR/../filsrc/MWDPRAM.vhd">
      <FileInfo>
        <Attr Name="UsedIn" Val="synthesis"/>
        <Attr Name="UsedIn" Val="simulation"/>
      </FileInfo>
    </File>
    <File Path="$PPRDIR/../../Streaming_VHDL/fil_videosharp_sim/Delay_balance.vhd">
      <FileInfo>
        <Attr Name="UsedIn" Val="synthesis"/>
        <Attr Name="UsedIn" Val="simulation"/>
      </FileInfo>
    </File>
    <File Path="$PPRDIR/../../Streaming_VHDL/fil_videosharp_sim/Line_Memory.vhd">
      <FileInfo>
        <Attr Name="UsedIn" Val="synthesis"/>
        <Attr Name="UsedIn" Val="simulation"/>
      </FileInfo>
    </File>
    <File Path="$PPRDIR/../../Streaming_VHDL/fil_videosharp_sim/Make_Neighborhood_block.vhd">
      <FileInfo>
        <Attr Name="UsedIn" Val="synthesis"/>
        <Attr Name="UsedIn" Val="simulation"/>
      </FileInfo>
    </File>
    <File Path="$PPRDIR/../filsrc/MWAsyncFIFO.vhd">
      <FileInfo>
        <Attr Name="UsedIn" Val="synthesis"/>
        <Attr Name="UsedIn" Val="simulation"/>
      </FileInfo>
    </File>
    <File Path="$PPRDIR/../filsrc/MWPKTBuffer.vhd">
      <FileInfo>
        <Attr Name="UsedIn" Val="synthesis"/>
        <Attr Name="UsedIn" Val="simulation"/>
      </FileInfo>
    </File>
    <File Path="$PPRDIR/../filsrc/mwfil_dpscram.vhd">
      <FileInfo>
        <Attr Name="UsedIn" Val="synthesis"/>
        <Attr Name="UsedIn" Val="simulation"/>
      </FileInfo>
    </File>
    <File Path="$PPRDIR/../../Streaming_VHDL/fil_videosharp_sim/Streaming_2_D_FIR_Filter.vhd">
      <FileInfo>
        <Attr Name="UsedIn" Val="synthesis"/>
        <Attr Name="UsedIn" Val="simulation"/>
      </FileInfo>
    </File>
    <File Path="$PPRDIR/../filsrc/mwrxmac.vhd">
      <FileInfo>
        <Attr Name="UsedIn" Val="synthesis"/>
        <Attr Name="UsedIn" Val="simulation"/>
      </FileInfo>
    </File>
    <File Path="$PPRDIR/../filsrc/mwtxmac.vhd">
      <FileInfo>
        <Attr Name="UsedIn" Val="synthesis"/>
        <Attr Name="UsedIn" Val="simulation"/>
      </FileInfo>
    </File>
    <File Path="$PPRDIR/../filsrc/mwpingram.vhd">
      <FileInfo>
        <Attr Name="UsedIn" Val="synthesis"/>
        <Attr Name="UsedIn" Val="simulation"/>
      </FileInfo>
    </File>
    <File Path="$PPRDIR/../filsrc/FILUDPCRC.vhd">
      <FileInfo>
        <Attr Name="UsedIn" Val="synthesis"/>
        <Attr Name="UsedIn" Val="simulation"/>
      </FileInfo>
    </File>
    <File Path="$PPRDIR/../filsrc/FILPktMUX.vhd">
      <FileInfo>
        <Attr Name="UsedIn" Val="synthesis"/>
        <Attr Name="UsedIn" Val="simulation"/>
      </FileInfo>
    </File>
    <File Path="$PPRDIR/../filsrc/FILCmdProc.vhd">
      <FileInfo>
        <Attr Name="UsedIn" Val="synthesis"/>
        <Attr Name="UsedIn" Val="simulation"/>
      </FileInfo>
    </File>
    <File Path="$PPRDIR/../filsrc/FILDataProc.vhd">
      <FileInfo>
        <Attr Name="UsedIn" Val="synthesis"/>
        <Attr Name="UsedIn" Val="simulation"/>
      </FileInfo>
    </File>
    <File Path="$PPRDIR/../filsrc/MWUDPPKTBuilder.vhd">
      <FileInfo>
        <Attr Name="UsedIn" Val="synthesis"/>
        <Attr Name="UsedIn" Val="simulation"/>
      </FileInfo>
    </File>
    <File Path="$PPRDIR/../filsrc/mwfil_udfifo.vhd">
      <FileInfo>
        <Attr Name="UsedIn" Val="synthesis"/>
        <Attr Name="UsedIn" Val="simulation"/>
      </FileInfo>
    </File>
    <File Path="$PPRDIR/../filsrc/mwfil_bus2dut.vhd">
      <FileInfo>
        <Attr Name="UsedIn" Val="synthesis"/>
        <Attr Name="UsedIn" Val="simulation"/>
      </FileInfo>
    </File>
    <File Path="$PPRDIR/../filsrc/mwfil_controller.vhd">
      <FileInfo>
        <Attr Name="UsedIn" Val="synthesis"/>
        <Attr Name="UsedIn" Val="simulation"/>
      </FileInfo>
    </File>
    <File Path="$PPRDIR/../filsrc/mwfil_dut2bus.vhd">
      <FileInfo>
        <Attr Name="UsedIn" Val="synthesis"/>
        <Attr Name="UsedIn" Val="simulation"/>
      </FileInfo>
    </File>
    <File Path="$PPRDIR/../filsrc/MWMAC.vhd">
      <FileInfo>
        <Attr Name="UsedIn" Val="synthesis"/>
        <Attr Name="UsedIn" Val="simulation"/>
      </FileInfo>
    </File>
    <File Path="$PPRDIR/../filsrc/FILPktProc.vhd">
      <FileInfo>
        <Attr Name="UsedIn" Val="synthesis"/>
        <Attr Name="UsedIn" Val="simulation"/>
      </FileInfo>
    </File>
    <File Path="$PPRDIR/../filsrc/mwfil_chifcore.vhd">
      <FileInfo>
        <Attr Name="UsedIn" Val="synthesis"/>
        <Attr Name="UsedIn" Val="simulation"/>
      </FileInfo>
    </File>
    <File Path="$PPRDIR/../filsrc/Streaming_2_D_FIR_Filter_wrapper.vhd">
      <FileInfo>
        <Attr Name="UsedIn" Val="synthesis"/>
        <Attr Name="UsedIn" Val="simulation"/>
      </FileInfo>
    </File>
    <File Path="$PPRDIR/../filsrc/MWMII2GMII.vhd">
      <FileInfo>
        <Attr Name="UsedIn" Val="synthesis"/>
        <Attr Name="UsedIn" Val="simulation"/>
      </FileInfo>
    </File>
    <File Path="$PPRDIR/../filsrc/FILCommLayer.vhd">
      <FileInfo>
        <Attr Name="UsedIn" Val="synthesis"/>
        <Attr Name="UsedIn" Val="simulation"/>
      </FileInfo>
    </File>
    <File Path="$PPRDIR/../filsrc/mwfil_chiftop.vhd">
      <FileInfo>
        <Attr Name="UsedIn" Val="synthesis"/>
        <Attr Name="UsedIn" Val="simulation"/>
      </FileInfo>
    </File>
    <File Path="$PPRDIR/../filsrc/MWXlnxRMII2GMII.vhd">
      <FileInfo>
        <Attr Name="UsedIn" Val="synthesis"/>
        <Attr Name="UsedIn" Val="simulation"/>
      </FileInfo>
    </File>
    <File Path="$PPRDIR/../filsrc/FILCore.vhd">
      <FileInfo>
        <Attr Name="UsedIn" Val="synthesis"/>
        <Attr Name="UsedIn" Val="simulation"/>
      </FileInfo>
    </File>
    <File Path="$PPRDIR/../filsrc/MWMdioBasic.vhd">
      <FileInfo>
        <Attr Name="UsedIn" Val="synthesis"/>
        <Attr Name="UsedIn" Val="simulation"/>
      </FileInfo>
    </File>
    <File Path="$PPRDIR/../filsrc/Streaming_2_D_FIR_Filter_fil.vhd">
      <FileInfo>
        <Attr Name="UsedIn" Val="synthesis"/>
        <Attr Name="UsedIn" Val="simulation"/>
      </FileInfo>
    </File>
    <File Path="$PPRDIR/../filsrc/Streaming_2_D_FIR_Filter_fil.xdc">
      <FileInfo>
        <Attr Name="UsedIn" Val="synthesis"/>
        <Attr Name="UsedIn" Val="implementation"/>
      </FileInfo>
    </File>
    <Config>
      <Option Name="DesignMode" Val="RTL"/>
      <Option Name="TopModule" Val="Streaming_2_D_FIR_Filter_fil"/>
    </Config>
  </FileSet>
  <FileSet Name="constrs_in" Type="Constrs" RelSrcDir="$PSRCDIR/constrs_1">
    <Filter Type="Constrs"/>
    <Config>
      <Option Name="ConstrsType" Val="XDC"/>
    </Config>
  </FileSet>
  <Strategy Version="1" Minor="2">
    <StratHandle Name="Vivado Implementation Defaults" Flow="Vivado Implementation 2016"/>
    <Step Id="init_design"/>
    <Step Id="opt_design"/>
    <Step Id="power_opt_design"/>
    <Step Id="place_design"/>
    <Step Id="post_place_power_opt_design"/>
    <Step Id="phys_opt_design"/>
    <Step Id="route_design"/>
    <Step Id="post_route_phys_opt_design"/>
    <Step Id="write_bitstream"/>
  </Strategy>
  <BlockFileSet Type="BlockSrcs" Name="clk_wiz_0"/>
  <BlockFileSet Type="BlockSrcs" Name="mii_to_rmii_0"/>
</GenRun>
