<?xml version="1.0"?>
<Runs Version="1" Minor="0">
	<Run Id="Square_Root_synth_1" LaunchDir="D:/Sepideh_FPGA/User_Demo_nexys4/User_Demo_nexys4.runs/Square_Root_synth_1" FlowId="Vivado_Synthesis" FromStepId="vivado" ToStepId="vivado"/>
	<Run Id="synth_1" LaunchDir="D:/Sepideh_FPGA/User_Demo_nexys4/User_Demo_nexys4.runs/synth_1" FlowId="Vivado_Synthesis" FromStepId="vivado" ToStepId="vivado">
		<Parent Id="Square_Root_synth_1"/>
	</Run>
	<Run Id="impl_1" LaunchDir="D:/Sepideh_FPGA/User_Demo_nexys4/User_Demo_nexys4.runs/impl_1" FlowId="Vivado_Implementation" FromStepId="init_design" ToStepId="route_design">
		<Parent Id="synth_1"/>
		<Parent Id="Square_Root_synth_1"/>
	</Run>
</Runs>

